Video ID,Ground Truth HR,Predicted HR,Absolute Error
1254-20220508112152504_tmp_6e950d5b49c8ddb16caad931ec9b01a3.mp4,50.0,150.0,100.0
1004-20230113090836699_tmp_80f5b5a92f360bebbc34658861b25bf7.mp4,0.0,90.00000000000001,90.00000000000001
1512-20230809105835021_tmp_0ffa14a1ac282678d1c02b917add8e718c18c19d2661bc56.mp4,78.0,163.92857142857144,85.92857142857144
1574-20240110102658854_tmp_681495a4732bde3c67a5fa6a6ca293c01f5ededc39b82542.mp4,88.0,3.214285714285714,84.78571428571429
386-20221025164300052_tmp_3087f04b42666bf57a7e409d26b701ed.mp4,61.0,144.54545454545456,83.54545454545456
885-20220325110136673_tmp_a7bfb303a13d783dc1f38be88f3db0d2b7f08148ce522a9f.mp4,68.0,144.64285714285714,76.64285714285714
734-20221216165612258_tmp_41f5f0034458f195cf51057646ade3f1.mp4,68.0,144.47368421052636,76.47368421052636
1379-20231207204201985_tmp_49828ef793fdee94be04d49b8c4498ed0e03a585479ce73b.mp4,90.0,163.92857142857144,73.92857142857144
1392-20240119164440451_tmp_dabe5fee70798323779b27a89c94a7ab29755642ca2df98d.mp4,75.0,147.85714285714283,72.85714285714283
1109-20221118160508653_tmp_98b3918a642b260a19b1cd4c68f30002.mp4,91.0,163.63636363636363,72.63636363636363
958-20220529091059303_tmp_833de24e68340a09dd87aa95db238393.mp4,7.0,79.0909090909091,72.0909090909091
215-20221104205228279_tmp_059744732ff49b23a297911127f1c525.mp4,88.0,16.363636363636363,71.63636363636364
1522-20230905153244929_tmp_0a992fd62b9f5650f1703e3b01a6b875a62fb41f40ca1232.mp4,83.0,16.07142857142857,66.92857142857143
1003-20230113025059967_tmp_af398e49fbbc19eaf0c50526e20148f6.mp4,59.0,125.45454545454544,66.45454545454544
888-20220504175544473_tmp_b40ad6d088ad8c8dd45c60901210ed908b5b76c0607abfb0.mp4,60.0,125.35714285714285,65.35714285714285
947-20220511072903028_tmp_24407f6640048ea6edcc47b564398791.mp4,56.0,120.0,64.0
946-20220511072609372_tmp_5705e0c6a50695cd478c538a9c1bac54.mp4,56.0,120.0,64.0
211-20221104204748987_tmp_be5cd60ae94cc6c8e30785077ef8b0a4.mp4,83.0,19.09090909090909,63.90909090909091
176-20221104101454319_tmp_d3bc9f2afe7900d6216b478521756643.mp4,62.0,125.45454545454544,63.45454545454544
1169-20230815074958908_tmp_33e42b06e965f1283c98d2ab2af061eb.mp4,79.0,16.07142857142857,62.92857142857143
991-20220507102012732_tmp_a5c63e3c26e16c15f5127b56e6f11ca5.mp4,98.0,35.45454545454545,62.54545454545455
1334-20230417182714483_tmp_7fc869af88f098613be45cb231fb9de6.mp4,63.0,125.35714285714285,62.35714285714285
1458-20230420113526227_tmp_fae8f4e7c0c1a123f1d87e4b0db9f440aae27d60b0c1f666.mp4,65.0,125.35714285714285,60.35714285714285
893-20220513083328005_tmp_cd7fbaaedb7b60a5948073c0b92449a8513db0208ecec569.mp4,65.0,125.35714285714285,60.35714285714285
1427-20220806084100717_tmp_1c5a57bff9c13d1e8575fa9205873292.mp4,60.0,120.0,60.0
1552-20231109080431271_tmp_e0e742d522b6cd50e55e99f0287934b0607b0b8224eb82a8.mp4,79.0,19.285714285714285,59.714285714285715
1583-20240130110659087_tmp_314413b84e839d99783b8473e9effbfd.mp4,77.0,19.285714285714285,57.714285714285715
324-20221215121746111_tmp_60914e2b404236826e4e3512575f80d5.mp4,68.0,125.45454545454544,57.45454545454544
48-20221201143956888_tmp_10c193b1ad3a89dfa0e8404d8fb0010e.mp4,68.0,125.45454545454544,57.45454545454544
824-20220417180023028_tmp_7ceff4840629b820d5995eb20f62e7d1.mp4,74.0,19.09090909090909,54.90909090909091
1396-20230426204639751_tmp_98f9c4f71b6cb2e37359fed2ea6ffcb8e99d300f670325c6.mp4,55.0,109.28571428571428,54.28571428571428
1108-20221118160411776_tmp_0bc0ba9fb83cb9c17b6789e4eccefaca.mp4,91.0,144.54545454545456,53.54545454545456
156-20221111153845725_tmp_4cdc69738e4fd59ad9da9af395db4f6a.mp4,89.0,35.45454545454545,53.54545454545455
886-20220327100747618_tmp_20dea54821ea0a0225a17839d208e04cfa815e85073a3ac7.mp4,59.0,112.5,53.5
1014-20230828082855225_tmp_832dff90c0309d582334ea5f5147e1e6.mp4,53.0,106.36363636363636,53.36363636363636
278-20221201151931314_tmp_8d184cc74a852d12454847ab32b2de32db9b79d566cc09be.mp4,72.0,125.35714285714285,53.35714285714285
1007-20230309123357340_tmp_4dfb8c59a2445251a5873f583d09dc57.mp4,56.0,109.0909090909091,53.09090909090909
1130-20221116150838102_tmp_922833cc37c2671cd31e698fbce36c4b.mp4,72.0,19.09090909090909,52.90909090909091
1313-20230103121844525_tmp_d7f8412f147b79935196b13b35e0ddf75b3ed7ae1fbcedb7.mp4,88.0,35.35714285714286,52.64285714285714
74-20221216152028229_tmp_2029edee6f29e549821579e5f1b374a4.mp4,88.0,35.45454545454545,52.54545454545455
1404-20231008184229118_tmp_8ca4cf997d35c557e54249400db633aa326589face2138c4.mp4,91.0,38.57142857142857,52.42857142857143
889-20220507080114180_tmp_1cf444f01ec38ef968aa585fe8d27c61e94bfe8f0c9e4d42.mp4,57.0,109.28571428571428,52.28571428571428
899-20220525112150289_tmp_ff879aadac657482fa21a5377ed94491f132643d0866c7af.mp4,68.0,16.07142857142857,51.92857142857143
910-20220327080440163_tmp_edf85c5982140eafb5cfa9332f572875dd67c78cb3a5a310.mp4,58.0,109.28571428571428,51.28571428571428
911-20220328074340145_tmp_24c042dec2864cf3cc2d05db35ccef20c16d8e44413a1621.mp4,58.0,109.0909090909091,51.09090909090909
197-20221215131100324_tmp_33b458c88a8f5bc5a2ef865603aa464a.mp4,92.0,40.909090909090914,51.090909090909086
1540-20231008172053935_tmp_efb0f85b26a428eabd8b6ce322817ac3ca0ebabe296940b7.mp4,67.0,16.07142857142857,50.92857142857143
904-20220602092812405_tmp_b6ac6cf7b8c98657a4219050d90d7ca6b35c12a7d6a68573.mp4,67.0,16.07142857142857,50.92857142857143
1113-20221118161334171_tmp_593adbb690cc537d0bcf040fac062fd6.mp4,94.0,144.54545454545456,50.54545454545456
33-20221202143315850_tmp_d96229c2729eecbfeed7320a581b5843.mp4,86.0,35.45454545454545,50.54545454545455
247-20221111150005341_tmp_1391f000272e1f525f59295a9c4956bd.mp4,86.0,35.45454545454545,50.54545454545455
727-20221216154501367_tmp_2293dc57eaa89cb32748a1fe1e7ad377.mp4,86.0,35.45454545454545,50.54545454545455
245-20221111150152658_tmp_521524a73612dafab76b88a3e53c3ffb.mp4,86.0,35.45454545454545,50.54545454545455
29-20221202142926472_tmp_fde1ff63849c90290d288ceb0c9cb763.mp4,75.0,125.45454545454544,50.45454545454544
1360-20220314120802635_tmp_bd2453e9c0464a5b02cf9b9932f29819fdd9f1bf3453756a.mp4,75.0,125.35714285714285,50.35714285714285
1577-20240111113953949_tmp_977b7f841fe694e992f2d402e6ca9ac0f24b849c75cb60a8.mp4,59.0,109.28571428571428,50.28571428571428
891-20220511072342039_tmp_7b70d2a52b9f8ad4c79e5d0f225a63eacfdd7a21a2cfa174.mp4,59.0,109.28571428571428,50.28571428571428
409-20221201122626395_tmp_02cdd28f6cb00147335c40d69055ffc0.mp4,70.0,120.0,50.0
407-20221201122445772_tmp_57ae72b5d2966d0524ad4d3e3d665552.mp4,70.0,120.0,50.0
1242-20231003163810166_tmp_067b7125606d2acce7d1a593dc1729be.mp4,63.0,112.5,49.5
1592-20240226193606765_tmp_c63febfbe331ba397f4f69c810427151.mp4,76.0,125.35714285714285,49.35714285714285
890-20220510082747416_tmp_20ec760fb8d3beaac433a368a91a3693432fd02bf4e6ad46.mp4,60.0,109.28571428571428,49.28571428571428
163-20221111151539203_tmp_3fdca64872ae5f342755f79a27ed34d3.mp4,90.0,139.0909090909091,49.09090909090909
912-20220329082610372_tmp_2daeef195df05add2f2b8240c4678885e179001da0d31358.mp4,57.0,106.07142857142856,49.071428571428555
903-20220529084400096_tmp_b9ab08c04eec6a6698b71b7870f27f889c3cf631dfa10a2e.mp4,65.0,16.07142857142857,48.92857142857143
897-20220522100504441_tmp_883b1574399e42f6a9a0dcd95ad3678dd9ed58a0ac5a24ef.mp4,65.0,16.07142857142857,48.92857142857143
167-20221202134940961_tmp_2ab3411f66e983a5c5834b43c8e185dc1384ed4b8d59fcca.mp4,84.0,35.35714285714286,48.64285714285714
1488-20230628184412908_tmp_e42a4336afcc4a0e2b6591970ef6056069cf57e903388ea4.mp4,51.0,99.64285714285714,48.64285714285714
1304-20230227105705410_tmp_460622b141b3b954b4696e61d246a76b.mp4,84.0,35.45454545454545,48.54545454545455
1190-20220625091559525_tmp_b6545292c86dcd4bf774ac55c02fe152e2edc773cee44700.mp4,84.0,35.45454545454545,48.54545454545455
1443-20230105151045763_tmp_7c053a6286e91c03fc3f531777350f91.mp4,84.0,35.45454545454545,48.54545454545455
1097-20221118170325859_tmp_938c73f2537b6eaa549a0c1d14ac8d7a.mp4,84.0,35.45454545454545,48.54545454545455
704-20221216152034451_tmp_f2ed9b72e412b7826f2306a629ab1e34ff27aa011be2304d.mp4,77.0,125.35714285714285,48.35714285714285
900-20220526091443841_tmp_c2983ba54b68cce4d777a398f401680af9110b1dcf7c0ec2.mp4,61.0,109.28571428571428,48.28571428571428
1385-20230814204446452_tmp_90615b0c4191186b3a14e226962ad1727b162c176d0dd8ef.mp4,90.0,41.785714285714285,48.214285714285715
1349-20231009163514598_tmp_261f0506a5c06a101a7c6bcd1da8dda32f0a60c41b3d048d.mp4,64.0,16.07142857142857,47.92857142857143
1131-20221116150952989_tmp_332025e0f6efe00491f37455ff3a3c96.mp4,67.0,19.09090909090909,47.90909090909091
738-20221215122333134_tmp_f38b2c3d9ab9f74df7cf8d3125576bdf.mp4,97.0,49.09090909090909,47.90909090909091
1491-20230707073314688_tmp_e4cb85266cb8e07ce6cdf1e84fb9022105299f9d1062a3bd.mp4,63.0,110.76923076923076,47.76923076923076
1576-20240111103930349_tmp_4386f0f2b55e624b8ffb1c12031f21b17be7af50eb2af431.mp4,67.0,19.285714285714285,47.714285714285715
1303-20230227105534375_tmp_71535af64eb7134c78d8fcbb70525e49.mp4,83.0,35.45454545454545,47.54545454545455
323-20221201134007663_tmp_64759ce73bf4101ab8feb224fc379a88.mp4,83.0,35.45454545454545,47.54545454545455
887-20220408071930121_tmp_83a674453c9e957f9044d0dda074f9d6dcf277953e94cb00.mp4,62.0,109.28571428571428,47.28571428571428
1255-20220312104055616_tmp_1a30c905bc845c5203e2f45700e99f75e9c3e2b5378ab544.mp4,62.0,109.28571428571428,47.28571428571428
953-20220515083200717_tmp_ad3c876c19ee7c86d19ee07bb0e9ed23.mp4,73.0,120.0,47.0
246-20221111150058411_tmp_b644ad2a961094761bf73ab68de401dc.mp4,82.0,35.45454545454545,46.54545454545455
717-20221216153502993_tmp_24928b97fd3a0ddd5fd6fda4bebc9caa.mp4,82.0,35.45454545454545,46.54545454545455
894-20220515083103004_tmp_1cbb1ffebdccad3fefba76117cfe416a02884312350c5eff.mp4,63.0,109.28571428571428,46.28571428571428
715-20221215125134945_tmp_aceeea9ebaea7710ea29f58c71f46c18.mp4,71.0,117.27272727272728,46.27272727272728
898-20220524093113998_tmp_0841a7aa7738020707784b88b122af14c251ffd967098db8.mp4,62.0,16.07142857142857,45.92857142857143
1563-20231216142438926_tmp_97955e18ffe6e304887dbfdaf3a9071e4066381f21922253.mp4,62.0,16.07142857142857,45.92857142857143
503-20221104174626102_tmp_13d7a63036c919166a599764de602282.mp4,65.0,19.09090909090909,45.90909090909091
1302-20230227105404969_tmp_372dcf9677957bd34f09d171e4c2fe1d.mp4,81.0,35.45454545454545,45.54545454545455
30-20221202143020552_tmp_a63dcdbd70e8ccffb0d050bf00718180.mp4,81.0,35.45454545454545,45.54545454545455
248-20221111145858249_tmp_e898f71bfc2ccfba2f70eb684c0c7e4a.mp4,81.0,35.45454545454545,45.54545454545455
1531-20230917153644016_tmp_58b7aa18bc03702729acce449daa26504ede795639741b3e.mp4,80.0,125.35714285714285,45.35714285714285
892-20220512083018190_tmp_e3a7e234553e031d667659dc65406c52a0b5c838c5ff4b0b.mp4,61.0,106.07142857142856,45.071428571428555
455-20221215125041687_tmp_31610190a66393b14b4fc38d013093f5.mp4,75.0,120.0,45.0
266-20221201130813448_tmp_839e7baed2a1c4f140f92d995ea52bb4.mp4,80.0,35.45454545454545,44.54545454545455
1126-20221116150414815_tmp_de3f133dd15875ef885e5864086e9040.mp4,65.0,109.0909090909091,44.09090909090909
52-20221201143737934_tmp_02460643b465be93d0673a34e8825456.mp4,65.0,109.0909090909091,44.09090909090909
1316-20230413173414489_tmp_1310fb4d46734062eb67b16b7c865c96.mp4,73.0,28.928571428571427,44.07142857142857
1390-20240114142144682_tmp_f976d5d32d0839b774fe1ad7251d95b33612de2a712c20a5.mp4,60.0,16.07142857142857,43.92857142857143
1564-20231216182006800_tmp_e0517fcede31b1ba63569e2bec5cd91345e8722b5fc98c3b.mp4,63.0,19.09090909090909,43.90909090909091
1197-20220730083935306_tmp_ae9c92276fe110f82661a0fd16bb5c1757415b54cd15b96f.mp4,72.0,115.71428571428572,43.71428571428572
1519-20230828144438231_tmp_be644085b90e473c2bfabb35d23c5eb483b1fa98e7068296.mp4,79.0,35.35714285714286,43.64285714285714
340-20221118154217180_tmp_53b7a126149c4515dd7529b75e58cc15.mp4,60.0,103.63636363636364,43.63636363636364
337-20221118154308870_tmp_e44dfd3d6ca0a4faa495df0e874520a5.mp4,60.0,103.63636363636364,43.63636363636364
181-20221104102626277_tmp_d5d03895362ea886e21b047de3d41b5b.mp4,79.0,35.45454545454545,43.54545454545455
200-20221215131240855_tmp_dd84255ce920c6ad09bbf53910a86512.mp4,103.0,60.0,43.0
1454-20230410131008760_tmp_fbbd459ba9c86b7d286f65c99e914fd9fd5da42cfdd513a1.mp4,59.0,16.07142857142857,42.92857142857143
129-20221104103832758_tmp_f9ae7c57bf936520a82b5f555777a8cf.mp4,58.0,100.9090909090909,42.90909090909091
1127-20221116150518773_tmp_edd87e126b4d642e797e99b906fbcd33.mp4,62.0,19.09090909090909,42.90909090909091
1290-20230405212622535_tmp_226c33511ea7edb6b99fb69f16491d5b3344c7e1c5bb3584.mp4,62.0,19.285714285714285,42.714285714285715
1470-20230517054633035_tmp_30b7b20c69a35ddfdd006c7332b56dfdd0fb758e603690dd.mp4,57.0,99.64285714285714,42.64285714285714
1533-20230925152306350_tmp_7b124b2df6d6b3c677985c82d20e66e7e8c8e5bbdefc9395.mp4,78.0,35.35714285714286,42.64285714285714
254-20221116131905061_tmp_6bbeab61c0bacc1ef556075a1da83ef6.mp4,78.0,35.45454545454545,42.54545454545455
1550-20231101162919704_tmp_a866a2d97228635a6a00f8537559f5fe2feb79faa5e4a4ea.mp4,70.0,112.5,42.5
339-20221118154126680_tmp_2d1a9aeee8129052f9cef1af6cb5ede6.mp4,57.0,99.47368421052632,42.473684210526315
514-20221108195237412_tmp_3eeb17e16b0100bb5cfc5a76949c1d22.mp4,67.0,108.94736842105264,41.947368421052644
1590-20240223190447587_tmp_1db6fd1127604e9749471ad7835495255945b7a63b6d0f97.mp4,58.0,16.07142857142857,41.92857142857143
1464-20230505080317316_tmp_fccd40f2d393d3c2a54f885d28f9f6a61a57e6897dc80460.mp4,77.0,35.35714285714286,41.64285714285714
454-20221215125301128_tmp_fcc60fa9945270f290656369291b2a87.mp4,73.0,114.54545454545456,41.54545454545456
1278-20220611110411900_tmp_0f32cb801e2b8c8e163000071ca500c6b4d50dfc22941bc9.mp4,80.0,38.57142857142857,41.42857142857143
268-20221111144914912_tmp_3fd27004b8496a620f945e2f6b7ea897.mp4,85.0,43.63636363636364,41.36363636363636
382-20221025163806552_tmp_5f4a6b0c01273ed3565536414db9df25.mp4,57.0,98.1818181818182,41.1818181818182
429-20221104105027644_tmp_f976637c213eefede00dbf49e3f9f8b2.mp4,79.0,120.0,41.0
452-20221215125351343_tmp_993444bd40c74854513f524c52ba44be.mp4,76.0,35.45454545454545,40.54545454545455
975-20220510190256167_tmp_4bf6f32642d81de19b266f388f8cb965.mp4,76.0,35.45454545454545,40.54545454545455
15-20221215123849070_tmp_df8dedb391ef66c888e8007184b2029a.mp4,76.0,35.45454545454545,40.54545454545455
1367-20220414130123981_tmp_282690918e755cf73a69f778ebb3c1e9d1a935c2edb00eab.mp4,95.0,54.64285714285714,40.35714285714286
1306-20220314151157383_tmp_a47b02e0f9deb27bd7055203bdfb1256aa96a247c201488a.mp4,69.0,109.28571428571428,40.28571428571428
988-20220331121020134_tmp_e3259f73f831eab31b235aaf8111207f.mp4,100.0,60.0,40.0
1346-20220413085636642_tmp_3e5d5c0b3abd86b767db56f8475daa9125609bff93753c70.mp4,63.0,102.85714285714285,39.85714285714285
1301-20220311005938023_tmp_a2f2ec408873cb71fe313b932b979e87.mp4,80.0,40.26315789473685,39.73684210526315
1005-20230302134104089_tmp_5d50fcd7e52035e47cf30bfff758763e.mp4,53.0,92.72727272727272,39.72727272727272
1560-20231126212335854_tmp_18f09635cece5cc963f7171256426919e93c5d123c399d92.mp4,75.0,35.35714285714286,39.64285714285714
1189-20220525074750962_tmp_6281c8c942091071eb6312fd991954ad4706740ce5b9c4cb.mp4,75.0,35.35714285714286,39.64285714285714
1578-20240112215153371_tmp_3f942200a234273ed81301e483b6c7c3608243248352415f.mp4,75.0,35.35714285714286,39.64285714285714
995-20230102134502540_tmp_969aa9713f44dd29eafe4fdb1bca0b19.mp4,75.0,35.45454545454545,39.54545454545455
1166-20230814203336678_tmp_045a0a3edcff3eb24dcf21f235b5dca2.mp4,86.0,125.45454545454544,39.45454545454544
1307-20220314151559547_tmp_f9001caefda235c756db7b39bb687f0e516e5711c5e7c6c7.mp4,70.0,109.28571428571428,39.28571428571428
467-20221021102618846_tmp_be83fc531af8ad2e89430687e60ce4bd08e577633782bed4.mp4,70.0,109.28571428571428,39.28571428571428
1319-20220314122852112_tmp_f98d74fe4045d4bb606ac9d723e3ca852b0f26526bf12717.mp4,70.0,109.28571428571428,39.28571428571428
1361-20220314121421500_tmp_dbea793280eb5e49289d961c3100c73c8d0c3805a96338a9.mp4,70.0,109.28571428571428,39.28571428571428
1285-20220509163854201_tmp_e246dad73e540b33284d2e7ce727b657.mp4,70.0,109.0909090909091,39.09090909090909
5-20221215121140373_tmp_0b98cf199c5cee134051727837afe33a.mp4,70.0,109.0909090909091,39.09090909090909
906-20220607220357866_tmp_10d472bc12d5f68bb31bcac51df6e443283df9e4c0c9949c.mp4,55.0,16.07142857142857,38.92857142857143
1565-20231218195624328_tmp_5542c1f89d5ac7beb82abe8556a466cf1da3068df1e012c7.mp4,74.0,35.35714285714286,38.64285714285714
815-20220329121904529_tmp_7780c61985930b49ac80460e18615b82.mp4,65.0,103.63636363636364,38.63636363636364
812-20220322114118400_tmp_39b406402cee1f519c51cac23037084b.mp4,74.0,35.45454545454545,38.54545454545455
203-20221104152531314_tmp_9166d228aaef9cc66f958abcc4f21c53.mp4,74.0,35.526315789473685,38.473684210526315
1377-20230925154828429_tmp_16f157286098a5af4bc483fba736e939fa22e4628c8b949c.mp4,71.0,109.28571428571428,38.28571428571428
1421-20220322114404594_tmp_f33dab7152fa03c51615bc8d76f1604f.mp4,60.0,98.1818181818182,38.1818181818182
902-20220528062652649_tmp_c0522ae2d82cb48ab1fd86b3533e6387a4db35fbf67c86b4.mp4,54.0,16.07142857142857,37.92857142857143
124-20221104175718937_tmp_40dfe8b782c1fc17ea946486fc9bb27a.mp4,73.0,35.45454545454545,37.54545454545455
901-20220527103955864_tmp_19d46a52094e5db9b0b2a1cd33d92d8ac873ced211deb0bf.mp4,73.0,35.45454545454545,37.54545454545455
371-20221123142306210_tmp_e807f626220d730df2b973e114d8f6cb.mp4,58.0,95.45454545454548,37.45454545454548
6-20221215121055760_tmp_3f336fc355f2d5cc23cbca3b16270d87.mp4,69.0,106.36363636363636,37.36363636363636
403-20221118155052516_tmp_49403563d6cba8547109247d38eff870.mp4,61.0,98.1818181818182,37.1818181818182
174-20221104101127497_tmp_ff3d0319fa975b560c98be1b9da29bf8.mp4,61.0,98.1818181818182,37.1818181818182
192-20221215124430641_tmp_4f363b4e8db9aba742874428368bbee7.mp4,72.0,109.0909090909091,37.09090909090909
191-20221215124516979_tmp_044adeec74e9d1f66820e4a63d4847c7.mp4,72.0,109.0909090909091,37.09090909090909
1450-20230405160146426_tmp_9575a919ede610e6a1088d9b3cf82146.mp4,50.0,86.78571428571428,36.78571428571428
193-20221215124821682_tmp_b98fffcd47eee96b34be4880b947cd5a.mp4,72.0,35.45454545454545,36.54545454545455
1223-20220906231109734_tmp_22a291766a89a3983e3146842c613de5.mp4,72.0,35.45454545454545,36.54545454545455
264-20221201131049763_tmp_39117d6afa26cdd79a06ac3ed998614a.mp4,82.0,118.42105263157896,36.42105263157896
495-20221216162312434_tmp_151fc849a91dc6462b752470b2cd45c5.mp4,56.0,92.3684210526316,36.368421052631604
118-20221111155723062_tmp_6a089eab1f56c5d2658707996494420696571fde51e00f47.mp4,73.0,109.28571428571428,36.28571428571428
157-20221216151939036_tmp_b537f75488c82a0716cf34aafa4d61ba54775fc3ca1bb377.mp4,81.0,117.27272727272728,36.27272727272728
731-20221216165659643_tmp_babb79753a22991563f61bbf1c5d572f.mp4,73.0,109.0909090909091,36.09090909090909
1587-20240210103014086_tmp_f6437118029ef729c37e3e4097062e04.mp4,70.0,106.07142857142856,36.071428571428555
4-20221215132027192_tmp_d116a2c35bb498e2e24bbd602c8a2f66.mp4,84.0,120.0,36.0
1581-20240122084936154_tmp_752b73d99fd0a874b6801240fa430441.mp4,52.0,16.07142857142857,35.92857142857143
511-20221104164909215_tmp_45e04a3bf117f583f43e38c1b4e7fea1.mp4,74.0,38.18181818181818,35.81818181818182
51-20221201144231618_tmp_1088ff0d881626c47a1e0dacca06617b.mp4,71.0,35.45454545454545,35.54545454545455
915-20220401084510012_tmp_c096cfc3637f8878376de997c7e684d26514912d2d7b7ed4.mp4,58.0,93.21428571428572,35.21428571428572
410-20221201122351408_tmp_68fb401086b922549b11bf32fa38e758.mp4,74.0,109.0909090909091,35.09090909090909
405-20221201122251396_tmp_0493261ba6a2a3d2e91be534a80f88de.mp4,74.0,109.0909090909091,35.09090909090909
11-20221215124040430_tmp_f6367f243d5f0aa2022dfa63de68561d.mp4,74.0,109.0909090909091,35.09090909090909
1546-20231013052725948_tmp_c07de087b1178b71b53a1551547ff0199d2786d95a0c6ec4.mp4,55.0,90.0,35.0
173-20221104101313113_tmp_291dbc52837efcc98999dd6430b53f43.mp4,58.0,92.72727272727272,34.72727272727272
710-20221215121845765_tmp_e387dc17006d6dcd9ee07ed58cd54a24.mp4,70.0,35.45454545454545,34.54545454545455
931-20220320115405417_tmp_ab37baa0721b5d9f45de1f3917db1adc.mp4,70.0,35.526315789473685,34.473684210526315
205-20221104152244388_tmp_1e5b1e904ddb009795c74b41f2c3970c.mp4,70.0,35.526315789473685,34.473684210526315
1411-20240121103511221_tmp_dbde0e7a04bf02d59143f0b30136a85f69555b7376628e18.mp4,62.0,96.42857142857142,34.428571428571416
158-20221216152157443_tmp_4d93740a40243c6f06cee3ce6e64a7171bd22885baca6e06.mp4,86.0,120.0,34.0
1283-20220324085519653_tmp_6585d6047b5272cbc8a2734797c8e50e.mp4,86.0,120.0,34.0
160-20221216152445273_tmp_13e2e86a795d6a45977f856fe8d1cfed65f4510225aec33a.mp4,85.0,118.92857142857142,33.928571428571416
7-20221215121013267_tmp_b95d0b9d88418ea98e5cb0110144c8f5.mp4,67.0,100.9090909090909,33.90909090909091
515-20221108195346361_tmp_d8548a76f483deeea008f9820b023b26.mp4,69.0,35.45454545454545,33.54545454545455
1176-20220324201829833_tmp_77b618620dcf42b211ebfcfcc9d3da62a806a4183d69caba.mp4,69.0,35.45454545454545,33.54545454545455
234-20221123102028429_tmp_11464aeb34d4a410596bec8b33099a8d.mp4,69.0,35.526315789473685,33.473684210526315
1129-20221116150741371_tmp_fcdc81ac4348dcff54648deb10dc4f0a.mp4,69.0,35.526315789473685,33.473684210526315
177-20221104101220569_tmp_511f31330aacb6fcbd8432ecd8805e53.mp4,62.0,95.45454545454548,33.45454545454548
13-20221215123705215_tmp_b7b2b90cca343182d08e156747c97e9f.mp4,76.0,109.0909090909091,33.09090909090909
16-20221215123751670_tmp_4f43bb61aa085d6ef8976a2470477432.mp4,76.0,109.0909090909091,33.09090909090909
12-20221215123943758_tmp_9ed8b7d5987dcfcc496adbd18d90d70f.mp4,76.0,109.0909090909091,33.09090909090909
313-20221118165232971_tmp_85205b8e01424a98c1580b607c63bd0f.mp4,57.0,90.0,33.0
813-20220323103025115_tmp_8d67a97a456fddee3c95e4f1898c628f.mp4,68.0,35.45454545454545,32.54545454545455
326-20221215121552920_tmp_906b9b86e75836828323b7ba098908cf.mp4,68.0,35.45454545454545,32.54545454545455
49-20221201144051659_tmp_c92f94764c92621341d1133388bf2f1a.mp4,68.0,35.45454545454545,32.54545454545455
974-20220331135616331_tmp_0f8920587d0abd638bc7c8de0bb36d79.mp4,87.0,54.54545454545455,32.45454545454545
213-20221104204947757_tmp_2681cd08ce27c86e3dfad142150dacd8.mp4,87.0,54.54545454545455,32.45454545454545
923-20220413073510546_tmp_911f25c11c942e98062a817762baceb72f9418af1f258e8f.mp4,61.0,93.21428571428572,32.21428571428572
314-20221118165432311_tmp_f143fbad1fa0355c526685a3e9575dba.mp4,58.0,90.0,32.0
8-20221215120929735_tmp_f9b413c81d3c69306fd542c3da74b302.mp4,69.0,100.9090909090909,31.909090909090907
1196-20220718080342421_tmp_c2f6b4dddf75396dc5eb0a70fc9da082485447f567873014.mp4,63.0,94.73684210526318,31.73684210526318
1237-20230827161117722_tmp_22045bd222abb9d374f7ac36d3fadbec.mp4,67.0,35.35714285714286,31.64285714285714
408-20221201122536911_tmp_2a592faad9dc906cb5ad92f7ff9ae66e.mp4,72.0,103.63636363636364,31.63636363636364
92-20221104155435227_tmp_5900fe1c8df70db3f06dea05f560b814.mp4,67.0,35.45454545454545,31.545454545454547
335-20221118154411469_tmp_e551e804b54743651f3fcdf4d847028a.mp4,64.0,95.45454545454548,31.45454545454548
34-20221202143434199_tmp_74b8f9bc498a6d2f54bd0fdf53c72d1b.mp4,86.0,117.27272727272728,31.27272727272728
826-20220420080608043_tmp_0cbfd5a5341bcce8e2349345d1b1350a.mp4,59.0,90.0,31.0
286-20221201121638182_tmp_76125b44a5f13c25600ae790964401bb.mp4,70.0,100.9090909090909,30.909090909090907
1542-20231009212910310_tmp_a24cf84a2f4a2074b72f584dd9080cad7f5b0f363a88753e.mp4,70.0,100.9090909090909,30.909090909090907
1320-20220314123209607_tmp_dd50345cbe537eb3a29b918494d432acabf0b4c1353d05de.mp4,70.0,100.9090909090909,30.909090909090907
1539-20231004233140322_tmp_386ddbea0afd129f35de8df867e59763.mp4,66.0,35.35714285714286,30.64285714285714
1156-20220311043645757_tmp_101eb7bf5fd8c7be533600b1539cdc04efbc1f1b05e487f9.mp4,73.0,103.63636363636364,30.63636363636364
146-20221104203650995_tmp_72882ca19ea27088b2149d89e531bb0b.mp4,66.0,35.45454545454545,30.545454545454547
357-20221104170021037_tmp_35269ddb11359142fb87778f8c1de66f.mp4,66.0,35.45454545454545,30.545454545454547
864-20220312075456011_tmp_6348dc346742ce737da17b22612046e1.mp4,65.0,95.45454545454548,30.45454545454548
1393-20231012144013258_tmp_62caac600d2fe58930bfb5fe8b73a44869b630c76b35f4c0.mp4,79.0,109.28571428571428,30.285714285714278
109-20221104171224914_tmp_1fae68121d00652fd29a8fcc8042f0ce.mp4,57.0,87.27272727272728,30.27272727272728
369-20221123142043369_tmp_3f46888b73da5ae8d2b7ac90b3db0a0e.mp4,57.0,87.27272727272728,30.27272727272728
370-20221123142208272_tmp_a7b9918fb3aa68a7099f8285359475ec.mp4,57.0,87.27272727272728,30.27272727272728
909-20220326075420844_tmp_4b44695e0d0b5866c74dc264b1d150888c5da5085e400276.mp4,68.0,98.1818181818182,30.1818181818182
896-20220516082331680_tmp_c58e34bca049a09fbda3e3faa035cc86244e95324593e45b.mp4,68.0,98.1818181818182,30.1818181818182
1059-20221201121234999_tmp_40dd64fef824852d0a1b04aa6b6ced18.mp4,68.0,98.1818181818182,30.1818181818182
406-20221201122200566_tmp_0e9f421047481b0762f97fcd3b164ab2.mp4,79.0,109.0909090909091,30.090909090909093
57-20221215130319956_tmp_25e85f8f2cefe364a494f11aff7d05f5.mp4,60.0,90.0,30.0
1012-20230718211702318_tmp_1f65b2cdb827b3a92566fc0a59097cfd.mp4,60.0,90.0,30.0
400-20221118155221423_tmp_ba752c32fa81d8022e4bbc9e4b887bbd.mp4,63.0,92.72727272727272,29.72727272727272
1216-20221217192550152_tmp_d2145b57ed0cf675fc400b9dc12cb1c1dab6730de52ff3ee.mp4,70.0,99.64285714285714,29.64285714285714
1434-20230104165603580_tmp_e3aed7a112dbed94dbe5b477c075d514.mp4,136.0,106.36363636363636,29.63636363636364
316-20221118165144347_tmp_4b78f64b22945abae73c3adb4cb8c528.mp4,58.0,87.63157894736844,29.63157894736844
853-20220919121257404_tmp_ff43fbc2a90b7f6f4cd482464c82804d.mp4,65.0,35.45454545454545,29.545454545454547
996-20230102135907274_tmp_438cecfd7f1333e1648a69d135685655.mp4,65.0,35.45454545454545,29.545454545454547
423-20221201145557796_tmp_dafe11ee24a7d8a80c239fb0ad31b74a.mp4,55.0,84.54545454545455,29.545454545454547
732-20221216165515942_tmp_1c3da1bd29418b6fdb773494211607a8.mp4,70.0,99.47368421052632,29.473684210526315
338-20221118154550224_tmp_f9dfedc761a69898c749ef6896b5e165.mp4,66.0,95.45454545454548,29.45454545454548
1057-20221201121050112_tmp_03f44b9286d38f5bd3d40f880cccbe3f.mp4,66.0,95.45454545454548,29.45454545454548
24-20221118155737225_tmp_b727a8d0b194fc1194b7317d9ad2573f.mp4,84.0,54.54545454545455,29.454545454545453
724-20221216154924555_tmp_e3d5586deacf4a9a495ce1ad7cf10791.mp4,77.0,106.36363636363636,29.36363636363636
372-20221123142400479_tmp_0882e97e6310f2d18b4c12a1e80b79c3.mp4,58.0,87.27272727272728,29.27272727272728
131-20221104102844278_tmp_e1d793933dae53ff52d5474fd131673f.mp4,58.0,87.27272727272728,29.27272727272728
165-20221111151404436_tmp_4da1668ae22113d7de94b143fe807e81.mp4,88.0,117.27272727272728,29.27272727272728
1413-20220311005142412_tmp_0d3c451c76814378ac969ba8b8fd771d.mp4,50.0,79.0909090909091,29.090909090909093
291-20221201130044386_tmp_7d2d04959ef4c63d0becee40997a6a75.mp4,80.0,109.0909090909091,29.090909090909093
175-20221104101359722_tmp_9fb28764a0211f885a9c69f48ebf1b39.mp4,61.0,90.0,29.0
712-20221215125822413_tmp_6b6ab6fc6591583d07affd8fd915bee3.mp4,108.0,79.0909090909091,28.909090909090907
1220-20221217193032375_tmp_626c3e548a2a13c6a7172865388e6630ad15cac73bb59429.mp4,71.0,99.64285714285714,28.64285714285714
126-20221104103526888_tmp_253e47cec7de49fdd15c356cdd345f37.mp4,59.0,87.63157894736844,28.63157894736844
111-20221104171015480_tmp_5694d6f80b38c2018f14743d6dc7bf68.mp4,56.0,84.54545454545455,28.545454545454547
1149-20221116084311187_tmp_962273ddaf6768a959e842302fcec898.mp4,64.0,35.45454545454545,28.545454545454547
729-20221216165830453_tmp_a05f71ab0b7ff1f110651ae6e0be89f7.mp4,67.0,95.45454545454548,28.45454545454548
1471-20230517061657834_tmp_a2a93a1525c032b0d31ce023640445a1.mp4,67.0,38.57142857142857,28.42857142857143
1179-20220327074004393_tmp_71773771ecd15909611e48bf4f07a8575a04bf5fdffd0cbe.mp4,68.0,96.42857142857142,28.428571428571416
325-20221215121656772_tmp_1cf94e9fd3de715634435ce7221fdd76.mp4,70.0,98.1818181818182,28.1818181818182
1183-20220514071429262_tmp_994af22b9584a71e90aa3c10cfacbba297a7fcfeec0a412a.mp4,62.0,90.0,28.0
31-20221202143113721_tmp_aadc01a634f8de1f20dcb9d598e41b78.mp4,84.0,111.81818181818184,27.81818181818184
922-20220412082951764_tmp_ba9c8985cf2a3469d0023104118d93715627aa9a971ac038.mp4,63.0,35.35714285714286,27.64285714285714
81-20221111154710942_tmp_9d4ffd4f3f762cbba86ad77de11df2e0.mp4,63.0,35.45454545454545,27.545454545454547
914-20220331072815500_tmp_9730cf12c41a84e2827c3b49b8309fdb64b8aa9f91d24f45.mp4,57.0,84.54545454545455,27.545454545454547
1397-20230511173556889_tmp_d6ae1407e9b626c068e168c5a541ea47ac843981d199a5cb.mp4,69.0,96.42857142857142,27.428571428571416
1545-20231010122119738_tmp_f9fd3de7a1363c72b436fa2cf6604416928b0a81559f9d60.mp4,79.0,106.36363636363636,27.36363636363636
1418-20220315154429008_tmp_e7e241c0193ccb36f20c8b6c67ffd4a8376f69e1e97730e0.mp4,95.0,122.14285714285714,27.14285714285714
501-20221104174303224_tmp_4cacc50ee3de413d396f4b9010f85ca3.mp4,63.0,90.00000000000001,27.000000000000014
920-20220410070140268_tmp_0ff12c7e2834f25050f889121e47fd38f8893f41c598a542.mp4,63.0,90.0,27.0
356-20221104170152973_tmp_950e09b2ba4d1c985d48a4d7be48d4eb.mp4,74.0,100.9090909090909,26.909090909090907
999-20220925201134294_tmp_5e93a5a6db11794a13a10d34c83181b2.mp4,55.0,81.81818181818183,26.818181818181827
22-20221025152635633_tmp_bce98cbf04306b4b20ca68c63ff0eabc.mp4,66.0,92.72727272727272,26.72727272727272
1573-20240109084728705_tmp_f36d9fed1acb0c3ea6caf9356b759ef56b477161c804f6b1.mp4,62.0,35.35714285714286,26.64285714285714
905-20220604090219739_tmp_9912d3498c9f61bf7eea89ac8d2d20f7b3d2b6d6ba517fed.mp4,62.0,35.35714285714286,26.64285714285714
1322-20220314123730503_tmp_9b88c6941f971519cf0c7aec3c174dd9f9498b3ef04c9f7b.mp4,73.0,99.64285714285714,26.64285714285714
293-20221201130404395_tmp_f8d7066cb1825bc8a3e0584081315e1b.mp4,77.0,103.63636363636364,26.63636363636364
1317-20230415005736549_tmp_f85baabbc15ff38cc8eef1248e790f93.mp4,57.0,83.57142857142857,26.57142857142857
383-20221025163657877_tmp_dc1038650563626924baf89c4e0c4801.mp4,58.0,84.54545454545455,26.545454545454547
233-20221104100434895_tmp_6122d5a3d8558d7ba57a1921f1799639.mp4,62.0,35.526315789473685,26.473684210526315
32-20221202143211896_tmp_01edf820e810339cdd6ef6845174d785.mp4,81.0,54.54545454545455,26.454545454545453
445-20221116153846150_tmp_8d60a8a635aec7ef547132faff2383f5.mp4,80.0,106.36363636363636,26.36363636363636
55-20221215130508981_tmp_96ae99a2397c48d0d4cce5f947908f5d.mp4,61.0,87.27272727272728,26.27272727272728
498-20221216161913334_tmp_930383bd529172260b8789033a393bcd.mp4,61.0,87.27272727272728,26.27272727272728
470-20221117133837991_tmp_999a6e6b767714c74e66d8575f38f9c4.mp4,72.0,98.1818181818182,26.1818181818182
295-20221117155731699_tmp_2db1add84f5fb4a70d021d2398a276ec.mp4,72.0,98.1818181818182,26.1818181818182
919-20220409072334362_tmp_b0ad7f7c94d1f8b181e7abadaf6d3a63e792262cc19a9c2d.mp4,64.0,90.0,26.0
252-20221116132054033_tmp_119415cf6016c7dc8a88bbb86ca532ef.mp4,78.0,103.63636363636364,25.63636363636364
1571-20240105184244815_tmp_ac998be93b083287f76f3023cf9a1371e355c262f2d09c8c.mp4,61.0,35.45454545454545,25.545454545454547
305-20221104160116754_tmp_35f1e8a3243d9b3a3cef75993d75d390.mp4,70.0,95.45454545454548,25.45454545454548
327-20221215121411261_tmp_908c7f4447752b02e650643b9980a4a5.mp4,70.0,95.45454545454548,25.45454545454548
218-20221104205800768_tmp_0ce953240b30baddb2d7ea5b6655239e.mp4,80.0,54.54545454545455,25.454545454545453
1485-20230626231431105_tmp_533bdd87c90d8df806af5afc0403a8bb.mp4,96.0,70.71428571428572,25.285714285714278
705-20221216152357923_tmp_6b3f28c7f062017831b648518b42f0f3cdbd4ba2ea19fa6f.mp4,73.0,98.1818181818182,25.1818181818182
269-20221111144817173_tmp_3aedb9c5dd066fc3d7a4ab0163a74415.mp4,76.0,100.9090909090909,24.909090909090907
85-20221111154848878_tmp_5ed6b4c503577b2152e02d1deb6734cb.mp4,57.0,81.81818181818183,24.818181818181827
328-20221215121501847_tmp_998d72968590e4499648ed9ad988a262.mp4,68.0,92.72727272727272,24.72727272727272
402-20221118155136921_tmp_a8ffe3a598a149119f73c7aaf99f5a81.mp4,60.0,84.54545454545455,24.545454545454547
1428-20220923075619059_tmp_23d2df19a2cd1390ed25f7243c516af6.mp4,60.0,84.54545454545455,24.545454545454547
232-20221104100612202_tmp_26e7ca6559c2ebbd80c876b45f6393f3.mp4,60.0,35.526315789473685,24.473684210526315
453-20221215125211827_tmp_90c247aaa040abcad190829f2fde069c.mp4,71.0,95.45454545454548,24.45454545454548
1238-20230828105034146_tmp_67f14bad27e235b323a30303afb7c890.mp4,72.0,96.42857142857142,24.428571428571416
119-20221111155356476_tmp_6cac50eeafd059cfe37e8d8c2783e747a428b2a6ae53ade4.mp4,72.0,96.42857142857142,24.428571428571416
204-20221104152355010_tmp_036333f14507a3cce07820f95987ae23.mp4,76.0,51.81818181818182,24.18181818181818
230-20221104100753105_tmp_f6b22e257504e472f42d33c8f5f4d205.mp4,55.0,79.0909090909091,24.090909090909093
716-20221216162009907_tmp_820b8d4fe99c9ea5688c64b2ec962eb9.mp4,55.0,79.0909090909091,24.090909090909093
303-20221104160502946_tmp_632dd3b054c0e6a25654dfcc18ffee69.mp4,66.0,90.0,24.0
145-20221104203747617_tmp_5fd7774e9c55c65ea124d70bb3f78ad7.mp4,66.0,90.0,24.0
500-20221104173931735_tmp_1792f30c19cbe9f61da74dbc7ebb8656.mp4,59.0,82.89473684210527,23.894736842105274
1537-20231002081022624_tmp_94d23c4a4e07d56c9ba671c4c1cee8cd80db05234af98f71.mp4,79.0,102.85714285714285,23.857142857142847
426-20221201145913702_tmp_4d2c29259cbd537df3df52afbba453b6.mp4,58.0,81.81818181818183,23.818181818181827
1333-20230417182539021_tmp_eb0a2cf6859152280f463cd59cfb0a2c.mp4,63.0,86.78571428571428,23.785714285714278
502-20221104174502867_tmp_24fbf3a725fbbf8c04ef2aa4cb6ea6ae.mp4,69.0,92.72727272727272,23.72727272727272
1536-20230927083558464_tmp_2f3bf95d2563155cc721151dde1abef63d6853737289577e.mp4,59.0,35.35714285714286,23.64285714285714
993-20220907153002642_tmp_60d73cf6c3167eed73048b51d2374fdc.mp4,80.0,103.63636363636364,23.63636363636364
433-20221216164605899_tmp_8f24df7660d5996817965d78cb345e2f.mp4,100.0,76.36363636363636,23.63636363636364
1473-20230517064940858_tmp_24cfb45cca343c93906667dbf873c9cc81a9d082129be4df.mp4,60.0,83.57142857142857,23.57142857142857
1002-20230113024959369_tmp_5c3ad820ec5c4d9dd875b88269c8fca2.mp4,59.0,35.45454545454545,23.545454545454547
190-20221215124602836_tmp_aef3186decd58acd49741ba9b5b97fd7.mp4,72.0,95.45454545454548,23.45454545454548
1481-20230603063720144_tmp_af3be2005f7d0950bf06ed731ca1377b.mp4,73.0,96.42857142857142,23.428571428571416
1350-20231009205631098_tmp_7ddbfc12126701521fde55fddcfc76529d059de7619adb76.mp4,57.0,80.35714285714285,23.357142857142847
1017-20240218100218003_tmp_87289bd10d5b42f0372be67804eef5b4.mp4,57.0,80.35714285714285,23.357142857142847
505-20221104174146513_tmp_5d588f5bef8a160e94fa68b02cfae664.mp4,64.0,87.27272727272728,23.27272727272728
990-20220331124528960_tmp_397a32bda0d835c57548f8f9f736d3b7.mp4,94.0,70.9090909090909,23.090909090909093
1526-20230913091627272_tmp_1d56728109ceecc2323ffceea04568348c91cdc86c51c393.mp4,51.0,73.92857142857142,22.928571428571416
1423-20220324184500596_tmp_fec80b0ca2ec3135ed929db093176158b8db1892c0d1795a.mp4,81.0,103.63636363636364,22.63636363636364
128-20221104103641018_tmp_371a2ef9e73da571de4589906bd7d920.mp4,58.0,35.45454545454545,22.545454545454547
1378-20231207204030214_tmp_97973cf2eaea0b82e3857dc84d30c87a1049e867208f1b1e.mp4,90.0,67.5,22.5
380-20221215125946548_tmp_50c416a136a3e79dca944a5a912c4861.mp4,107.0,84.54545454545455,22.454545454545453
1305-20220314150549580_tmp_877a258fb1adce5fa062560e7ee10cde9d4157cb250884fe.mp4,74.0,96.42857142857142,22.428571428571416
436-20221216164942517_tmp_bf34c6b585b417ff2d65a160c708910e.mp4,96.0,73.63636363636364,22.36363636363636
68-20221216163916253_tmp_f84c286ac45cb10a07fb70d481f80382.mp4,65.0,87.27272727272728,22.27272727272728
1459-20230421212546151_tmp_23ac8ea61a2f07469c1488257a3a7c8f.mp4,55.0,77.14285714285714,22.14285714285714
381-20221025163921025_tmp_4afef9c61e5ac98ee5d23c0c26868a18.mp4,57.0,79.0909090909091,22.090909090909093
1158-20220312091729341_tmp_3339d79505d2463e0def442741166e906ebae758ec30cac3.mp4,84.0,106.07142857142856,22.071428571428555
332-20221128174716999_tmp_93346576c6ffc5d744530cb41fdb59f6.mp4,68.0,90.0,22.0
1487-20230628093659714_tmp_7ce2e8f58b0319fed7eaa74f2cfa0583c9860ac9839314d2.mp4,68.0,90.0,22.0
77-20221216161000247_tmp_258d27713b745a0ec7d3de0eb697d32e.mp4,68.0,90.0,22.0
1337-20230623095948153_tmp_96df6e3a732d736a324214897c9fedabd4efd65a5d7790ae.mp4,109.0,130.9090909090909,21.909090909090907
431-20221104105230926_tmp_166811698021ad0a7c8fd1c42c61bf5e.mp4,79.0,100.9090909090909,21.909090909090907
997-20220922095939075_tmp_320958ebd094ad615d0b666902139a38.mp4,60.0,81.81818181818183,21.818181818181827
355-20221104170249425_tmp_53fc07418d1f91b6b9becde56ccd9e37.mp4,71.0,92.72727272727272,21.72727272727272
1559-20231118064623361_tmp_efe418cf40dd59a681df1b642c246a51bb8bdfc10b07bcd5.mp4,62.0,83.57142857142857,21.57142857142857
130-20221104103735363_tmp_11998d19e97d38e13a9dbff4b1e8c97a.mp4,57.0,35.45454545454545,21.545454545454547
127-20221104103920189_tmp_91e5eb7cf00e9491abe01330d0548cb7.mp4,57.0,35.45454545454545,21.545454545454547
1299-20230919093033506_tmp_0cb9dd264f5301c3b5aca3a603c2719ecb10d9a66f2714e8.mp4,76.0,54.64285714285714,21.35714285714286
1055-20221201120903508_tmp_a80c0eb083435c59cc36e65f47810fc9.mp4,69.0,90.0,21.0
1514-20230813120524787_tmp_49335157dfa763c2ef3d40a98b46be81b972552a93a4c971.mp4,69.0,90.0,21.0
1406-20231020103553868_tmp_b059418682a01b1da6de2e447e895d47.mp4,69.0,90.0,21.0
50-20221201144142490_tmp_affa878a2575943389c7db381dc07a2a.mp4,69.0,90.0,21.0
466-20221021101607809_tmp_fe572ed734e8c34374b69b12980799cfacf10caf757d360c.mp4,69.0,90.0,21.0
334-20221128174632191_tmp_37972c174a08162bdfeb79e8150ca43d.mp4,69.0,90.0,21.0
105-20221104172149794_tmp_311b3b2409df022c545cd101ade47a18.mp4,80.0,100.9090909090909,20.909090909090907
1415-20220313204343334_tmp_ecf1e3556d0766fed33416d80a3c82a9.mp4,55.0,75.78947368421053,20.789473684210535
76-20221216161443646_tmp_62f4e41336f6f1f22ec535087665d955.mp4,72.0,92.72727272727272,20.72727272727272
1544-20231010122029799_tmp_4bde9b53f29ebd7da8a3628943739bce9187473ef4d75e5d.mp4,79.0,99.64285714285714,20.64285714285714
223-20221117133029034_tmp_bde7af414f4e2f79535add584fb6f0d0.mp4,67.0,46.36363636363636,20.63636363636364
214-20221104205101930_tmp_55d12295e4f758ecef9bdcecd719324f.mp4,83.0,103.63636363636364,20.63636363636364
1268-20230522170613332_tmp_2fed5b331510eb27cc513418cd6d86f4.mp4,63.0,83.57142857142857,20.57142857142857
144-20221104203842427_tmp_910609e7d280b93bb27985a74f5b51f1.mp4,64.0,84.54545454545455,20.545454545454547
948-20220511073115929_tmp_a58fec8314478414177d9b5a59208a56.mp4,56.0,76.36363636363636,20.36363636363636
312-20221118165607942_tmp_9298b31ed651b02ba8a9e481d2cc761e.mp4,56.0,76.36363636363636,20.36363636363636
1554-20231112213427641_tmp_736de67f8050db51f11e9184e6bd2234.mp4,75.0,54.64285714285714,20.35714285714286
1480-20230522212747363_tmp_f1b35000bda2edfea5269dd08d618d5c34549daa930fe98e.mp4,60.0,80.35714285714285,20.357142857142847
880-20220324182210328_tmp_b219875bf2bc356625de03d66a06e20c.mp4,65.0,85.26315789473685,20.26315789473685
229-20221104100843552_tmp_d3c3648d267a67efb6bc3794944ac7f2.mp4,59.0,79.0909090909091,20.090909090909093
1251-20220326121540254_tmp_ec8abbb74c10f3e5dde764a758880739.mp4,59.0,79.0909090909091,20.090909090909093
80-20221111154800376_tmp_416c143b4fd9d35555e0be6d492d5e04.mp4,59.0,79.0909090909091,20.090909090909093
440-20221118151204965_tmp_e0386db0d406db1e29384babefd354d6.mp4,91.0,70.9090909090909,20.090909090909093
1403-20230925191628141_tmp_bb5a93825a4cc1ab5f8cbe6c0148a9784b10f874f589f8c2.mp4,94.0,73.92857142857142,20.071428571428584
331-20221128175051418_tmp_6cdfa55f7ae3e896bfa8cefe15e299e8.mp4,70.0,90.0,20.0
513-20221108195128695_tmp_b7340be7e60f4aa9ea218d5aece3b997.mp4,70.0,90.0,20.0
1187-20220516212122594_tmp_efd09c8231ad78d889ce4b7706e6c6eccc08df028a198981.mp4,70.0,90.0,20.0
1567-20231221095608435_tmp_91ae05924548d6695f8ad8ecd4ef73e08a31e05dc084c100.mp4,70.0,90.0,20.0
235-20221123102345747_tmp_1e5e409a0bce2b8a450be707bfdc44fd.mp4,70.0,90.0,20.0
329-20221128174803289_tmp_7ae83417dea66ddd0b7a3370fc629a63.mp4,70.0,90.0,20.0
1011-20230716210941767_tmp_b4fe9e24a293e312940f4751670439fb.mp4,54.0,73.92857142857142,19.928571428571416
54-20221215130556352_tmp_c1d9b0dbff0a7579ea1faa9c3f08cb2b.mp4,62.0,81.81818181818183,19.818181818181827
378-20221215125734089_tmp_3b83032b50c465b49ed013e72f54a303.mp4,107.0,87.27272727272728,19.72727272727272
1506-20230727065347230_tmp_5e6dbc30c1a7996f1878a59f2976a8eb6402ca34396b009b.mp4,55.0,35.35714285714286,19.64285714285714
1194-20220711075412126_tmp_b417ea298a615caad3518b429737b43e11ef1376d3733b61.mp4,80.0,99.64285714285714,19.64285714285714
1269-20230601225130158_tmp_2f9f4c79036c96335249c08abd34c684.mp4,64.0,83.57142857142857,19.57142857142857
516-20221108195445430_tmp_3ad00897a232f251db150f0b6757e7b9.mp4,65.0,84.54545454545455,19.545454545454547
483-20221111171710892_tmp_743803ef3dc1614dc2f13058908d169e.mp4,65.0,84.54545454545455,19.545454545454547
876-20220313155951186_tmp_00da4eb577e05a200154062fbb9dddf4.mp4,65.0,84.54545454545455,19.545454545454547
859-20220311214905670_tmp_a7c5bc93ee02adc646f318868932e76d.mp4,85.0,65.45454545454545,19.545454545454547
9-20221215120845545_tmp_993c42c15ec2feea52be7871cadcd437.mp4,65.0,84.54545454545455,19.545454545454547
1562-20231207215724810_tmp_c82ffd67058f9e9282273b33a3d011eb.mp4,87.0,67.5,19.5
425-20221201145739894_tmp_5efe973790e8a522c96ef173113e1954.mp4,57.0,76.36363636363636,19.36363636363636
1247-20220311081520153_tmp_39f06474937c51a5f0cf7b69e2f615f1.mp4,57.0,76.36363636363636,19.36363636363636
110-20221104171129885_tmp_20b4986b5cf1293bed7e20153132de28.mp4,57.0,76.36363636363636,19.36363636363636
831-20220427080622545_tmp_54c59a9051b48d212469842224058f71.mp4,57.0,76.36363636363636,19.36363636363636
147-20221104203540163_tmp_9e5e5ecc64bf1bdefb90976b6de2a553.mp4,68.0,87.27272727272728,19.27272727272728
112-20221104170739732_tmp_c7eed6831c06e16b18a33e1b7be041a8.mp4,60.0,79.0909090909091,19.090909090909093
113-20221104170906305_tmp_4b8adb457c39f2b86e2bb9b2fa64367b.mp4,60.0,79.0909090909091,19.090909090909093
1335-20230623090030518_tmp_4e4b422c5f589018828cae191c93efb9b7becf6b3b1ee90a.mp4,109.0,90.0,19.0
821-20220408175758168_tmp_dd9f3924ed045187376ec5c5536727da.mp4,71.0,90.0,19.0
1281-20220324084826884_tmp_11924b6f6c5e05b9ad6711c96f340daa.mp4,82.0,100.9090909090909,18.909090909090907
56-20221215130419451_tmp_b93d28cb258999d8c25fa6e9b5c2cf89.mp4,63.0,81.81818181818183,18.818181818181827
390-20221119162740311_tmp_bad7ba0ae51c6eda0519ef52f9e3b12e.mp4,63.0,81.81818181818183,18.818181818181827
1467-20230510090633363_tmp_1bae53f47168a1945dd646a1aacbe464.mp4,63.0,81.81818181818183,18.818181818181827
479-20221104151807009_tmp_afc7df039385243ada6b74f2cc3f99b7.mp4,63.0,81.81818181818183,18.818181818181827
366-20221118152754747_tmp_2921f12e00bbc25d5d841c370bebd0a2.mp4,87.0,68.18181818181819,18.818181818181813
1402-20231225115639716_tmp_d6fb747952b23ff06283fb9e207e8cf56b8e68bf6c75df63.mp4,68.0,86.78571428571428,18.785714285714278
1495-20230710000400759_tmp_d49df2544290c61ae574ba3de1e597ec662239d93780d5e5.mp4,68.0,86.78571428571428,18.785714285714278
188-20221111171855246_tmp_f6ef0ee57d03b76d0093f9ae27324333.mp4,76.0,94.73684210526318,18.73684210526318
852-20220916092928058_tmp_a537d430a17fed714faad55164a7800a.mp4,55.0,73.63636363636364,18.63636363636364
336-20221118154503664_tmp_c7aa8d3555910117bdb9722b0f6335b2.mp4,66.0,84.54545454545455,18.545454545454547
183-20221111172325596_tmp_99d93c9afcf32d5ceb41c17984a9fd58.mp4,66.0,84.54545454545455,18.545454545454547
1289-20220925113419804_tmp_ae891a743048673eba4d98179200ed04.mp4,77.0,95.45454545454548,18.45454545454548
444-20221118150736889_tmp_4977036fd11290e818d633d14738eb4a.mp4,92.0,73.63636363636364,18.36363636363636
1181-20220514070829916_tmp_51d05119cacf9e847ee2564db3c076e5d7c800fd3cd4a9ef.mp4,62.0,80.35714285714285,18.357142857142847
739-20221215122225593_tmp_350827a5ab7a369aa8fccea38c78f489.mp4,99.0,117.27272727272728,18.27272727272728
150-20221104203441945_tmp_c2e803bbdd50d516bd8eb7a7b0b5872e.mp4,69.0,87.27272727272728,18.27272727272728
65-20221216164122503_tmp_21cc7416e8f9519d77c953a855c8fc17.mp4,69.0,87.27272727272728,18.27272727272728
87-20221202133723024_tmp_91e7e9505f6402263bcc7c221198c836.mp4,80.0,98.1818181818182,18.1818181818182
151-20221111154219075_tmp_24db44130dc643f6cbc8a3b7bd483003.mp4,80.0,98.1818181818182,18.1818181818182
1288-20220925113200214_tmp_7eddf86a2d4573e1782d61568ffe76c1.mp4,79.0,97.10526315789475,18.105263157894754
1557-20231116095808374_tmp_44e8eb4298c72e1bd7d5d01ca8d8351c4bbca556bc3819f4.mp4,61.0,79.0909090909091,18.090909090909093
881-20220324201747194_tmp_653839d2ff264ae9cd502ac2ffc3b9b7.mp4,61.0,79.0909090909091,18.090909090909093
1383-20230824105519613_tmp_27703456d58bc3f818c5361e93f43de4e11a940eeb05a6c0.mp4,72.0,90.0,18.0
1218-20221217192801368_tmp_ceadd9b6848954b0ca3bfcf07ba50175b5691e12fbdc798c.mp4,72.0,90.0,18.0
1355-20221201121728557_tmp_0a16778aea08e5577eccc7fd6b59ad99.mp4,72.0,90.0,18.0
330-20221128174957575_tmp_b6edaec659d3eaa1e6a3f0b61a68ad59.mp4,72.0,90.0,18.0
804-20221118155308045_tmp_36f1be07915575dd1a0c736da026244a.mp4,64.0,81.81818181818183,17.818181818181827
1246-20220311074556423_tmp_2e11004606c22e80c0ca11c323e87f4b.mp4,56.0,38.18181818181818,17.81818181818182
421-20221201150011272_tmp_51791c432c4454937f990dd049ef0256.mp4,58.0,75.78947368421053,17.789473684210535
1525-20230911221244572_tmp_c875d723e9b170799c39ff8cb077022d3ac81d83a3285851.mp4,53.0,35.35714285714286,17.64285714285714
317-20221118165523257_tmp_841233dee1506ab26d4974dc8d9e8bd1.mp4,56.0,73.63636363636364,17.63636363636364
315-20221118165335998_tmp_c50ac5a36240c1fdef11108ddaabff07.mp4,56.0,73.63636363636364,17.63636363636364
822-20220410083033442_tmp_0585e98c3de68c06fb04cf3c85aa1f5d.mp4,56.0,73.63636363636364,17.63636363636364
927-20220312101457919_tmp_04f444b6870868ce1e05c68d971745f8.mp4,86.0,103.63636363636364,17.63636363636364
1111-20221118160719327_tmp_065c722675acf04b8908a8311368b9f5.mp4,91.0,73.42105263157896,17.57894736842104
907-20220710103122345_tmp_1f0bfe7fdce565528a2f10b64b16bd4b24d2b5c1cc929679.mp4,66.0,83.57142857142857,17.57142857142857
496-20221216162133966_tmp_804b7fd308436b05dc718868c83c866c.mp4,53.0,35.45454545454545,17.545454545454547
185-20221111172157825_tmp_43a97a9be24f962c3d568915708b0836.mp4,67.0,84.54545454545455,17.545454545454547
733-20221216165748617_tmp_55472b5ee4db34c77729517f02a62750.mp4,67.0,84.54545454545455,17.545454545454547
980-20220922165603338_tmp_705152e33afbbd7c9d24ba00feafb7b4.mp4,72.0,54.47368421052632,17.526315789473678
983-20220925171107097_tmp_99449ae534a9666c0a0dba0d4f64d013.mp4,72.0,54.54545454545455,17.454545454545453
499-20221216162045227_tmp_40ff9030e97afac825005023952d5e60.mp4,59.0,76.36363636363636,17.36363636363636
1511-20230806213349836_tmp_b50e498f5f69a4d99203dcc7bd2bf6533bd2c2c6773da339.mp4,72.0,54.64285714285714,17.35714285714286
1296-20230630081405500_tmp_d3e0394be5997bec023703995dc5cfb4a08342e6e0060890.mp4,88.0,70.71428571428572,17.285714285714278
461-20221118131838714_tmp_90c9d46c4f811dccd1a48766bc993b31.mp4,70.0,87.27272727272728,17.27272727272728
1257-20220327164318135_tmp_4f800fee34a1336bdc047486b29850a2b2c25edebec48891.mp4,76.0,93.21428571428572,17.214285714285722
446-20221116154039741_tmp_397e6840b22423a1ce3cc155e01d9444.mp4,81.0,98.1818181818182,17.1818181818182
270-20221111145340831_tmp_a89e0d4c8303c13a28d688befc1ad9dd.mp4,81.0,98.1818181818182,17.1818181818182
1507-20230728191907459_tmp_3ff8c5cd4e0b39f96cbfa5df5fa1112d.mp4,60.0,77.14285714285714,17.14285714285714
1354-20220325202455094_tmp_d871296803b50a70b31c33765bbe55edeee2233af0424294.mp4,60.0,77.14285714285714,17.14285714285714
1463-20230503203220411_tmp_fa1c53a0352d5ed2708d39deefaf66c278631775ec8068f8.mp4,60.0,77.14285714285714,17.14285714285714
908-20220325073148897_tmp_0f75a0f1ddffb1c5e02c0e52fb8e8d20154debe9d1eec253.mp4,60.0,77.14285714285714,17.14285714285714
1472-20230517064458229_tmp_3ee15ae8f0f92b79d8fbfe42a44524b5a8b10aeae6b2b504.mp4,60.0,77.14285714285714,17.14285714285714
816-20220331082839601_tmp_3731e43fd3a59740aa6d18e900f48ef3.mp4,62.0,79.0909090909091,17.090909090909093
442-20221118150936549_tmp_df2743f236cc0907079d0242c65bf6af.mp4,88.0,70.9090909090909,17.090909090909093
236-20221123101819282_tmp_bbdcaa53f3d35949745ba950123b4132.mp4,73.0,90.00000000000001,17.000000000000014
377-20221215125646172_tmp_d554b2512a263fa688dee706bd4f18e6.mp4,107.0,90.0,17.0
1221-20221217193119439_tmp_85b4d6f8a487ef246857c54e47ae995e0bd1bb923a361da5.mp4,73.0,90.0,17.0
1256-20220324125125338_tmp_add52430979945e8e73ecc00f75d56bda37d1c4899fbdcda.mp4,73.0,90.0,17.0
1217-20221217192702043_tmp_493456a6a7830dc23ebff1017c115301b3ec03fc11035934.mp4,73.0,90.0,17.0
1155-20220311042225176_tmp_51bc9f50871c3ef9e7cedaf2822f6e83f325f7edfae32689.mp4,73.0,90.0,17.0
217-20221104210443417_tmp_feb1cc1fd8a742d0c69411c57dcf578c.mp4,84.0,100.9090909090909,16.909090909090907
830-20220426092358245_tmp_55975dc887ba80ad16cbec9df4eafa41.mp4,65.0,81.81818181818183,16.818181818181827
413-20221025161359057_tmp_337e5ecff66c5f9aee0fd768ba837434.mp4,65.0,81.81818181818183,16.818181818181827
27-20221118155646266_tmp_79b4d310763e2c14d273db7af269976e.mp4,85.0,68.18181818181819,16.818181818181813
374-20221128173240162_tmp_36eb02de1363e31322620355701d3a33.mp4,85.0,68.18181818181819,16.818181818181813
1435-20230104170113988_tmp_9028bdec12b4cf85896ce46b4ae1c2ac.mp4,76.0,92.72727272727272,16.72727272727272
933-20220322100911414_tmp_d66c11a18677b311d5df0df281eb30f6.mp4,87.0,103.63636363636364,16.63636363636364
875-20220313101248692_tmp_5c402b1866203eb0e938a383ff9c70d7.mp4,65.0,81.62790697674419,16.627906976744185
463-20221021102219094_tmp_f3f57cd37c9d5382d85de3c16ac94470300423544c08fa1a.mp4,67.0,83.57142857142857,16.57142857142857
1409-20230422143611070_tmp_12c05d94c380b1814f88675afcb8b737.mp4,67.0,83.57142857142857,16.57142857142857
954-20220516082647298_tmp_7c3867e445528445c6c0d30c2f6429f6.mp4,68.0,84.54545454545455,16.545454545454547
10-20221215120755761_tmp_ce904ddbfbcc1cce065f2a2ee828db5a.mp4,68.0,84.54545454545455,16.545454545454547
457-20221118132416613_tmp_f7b728b2732e67c18358a88b583c8c23.mp4,68.0,84.54545454545455,16.545454545454547
58-20221215130647251_tmp_37bd81165fac46c8572657414d8fbb86.mp4,64.0,80.5263157894737,16.5263157894737
432-20221104104736205_tmp_ff8142a6a3444ddd361574e03ba3492f.mp4,79.0,95.45454545454548,16.45454545454548
262-20221201131139629_tmp_604282fee60e335ab67b3229028e7308.mp4,79.0,95.45454545454548,16.45454545454548
800-20221202133808390_tmp_dc18cda50d454a564cc456eda592b173.mp4,79.0,95.45454545454548,16.45454545454548
178-20221104102519770_tmp_5938ac997f9c3605f13e4e1aa97676af.mp4,79.0,95.45454545454548,16.45454545454548
212-20221104204843006_tmp_c24e53bf7e8ef4a41dc4e4ee75fc8a82.mp4,90.0,106.36363636363636,16.36363636363636
404-20221118155002732_tmp_c2bd392a2782ad6fca878ce892f7424a.mp4,60.0,76.36363636363636,16.36363636363636
1452-20230408200514233_tmp_1840850570c83ceec75c9240d3f2953340efe1f6a8d1dc71.mp4,87.0,70.71428571428572,16.285714285714278
1541-20231009113719837_tmp_004b78dc9ead6966038ce7f1ba0babd77009ad1b642cf8f5.mp4,87.0,70.71428571428572,16.285714285714278
251-20221116131331028_tmp_69295853c22dd377ce09049a0d54b47c.mp4,71.0,87.27272727272728,16.27272727272728
222-20221104205639616_tmp_b10b1b7b69b9db49c3c89029d5879866.mp4,82.0,98.1818181818182,16.1818181818182
932-20220321101153505_tmp_dcf53d9e9e35e57fdb27342b5d767d74.mp4,82.0,98.1818181818182,16.1818181818182
1348-20220427111128701_tmp_de260b3919393b558ca570939b1deb240758e8d5e6f0616a.mp4,90.0,73.92857142857142,16.071428571428584
238-20221123102241945_tmp_d96cdbefb4c4d14046232f679580069f.mp4,74.0,90.0,16.0
723-20221216154731023_tmp_1f9c8bc085292938859bc68801066574.mp4,74.0,90.0,16.0
1332-20230416160826568_tmp_6cb14005f9a350193047c667decdab92.mp4,74.0,90.0,16.0
306-20221104154504610_tmp_ac66c422175217e84ea1af17fa1a7d0a.mp4,95.0,79.0909090909091,15.909090909090907
928-20220312101808260_tmp_d28330636bd5edf97c69e115ae9c779c.mp4,85.0,100.9090909090909,15.909090909090907
164-20221111151450165_tmp_3a9ee4dd6fc95a9551111f2d387c3ad0.mp4,85.0,100.9090909090909,15.909090909090907
441-20221118151105721_tmp_b5a283aae30cd987335d27b47aca766a.mp4,92.0,76.36363636363636,15.63636363636364
512-20221108195011547_tmp_3060d719c8ade4293c02348489e3b783.mp4,58.0,73.63636363636364,15.63636363636364
925-20220416081104066_tmp_faa5d3e8978232f79a2abd17c408107667de710d6dccd44f.mp4,68.0,83.57142857142857,15.57142857142857
1515-20230815220959687_tmp_35514fa3e1b71c366776ebb444320c43.mp4,68.0,83.57142857142857,15.57142857142857
86-20221202133942261_tmp_fad3c899117c513a38624422972b8926.mp4,80.0,95.45454545454548,15.454545454545482
517-20221108195659521_tmp_7c1dfda05ec032b98895739f3d2e83c6.mp4,70.0,54.54545454545455,15.454545454545453
1356-20221201121827314_tmp_1c207e3e3e90e64b005a02ce9b13a1cb.mp4,70.0,54.54545454545455,15.454545454545453
82-20221111154938511_tmp_2ca3ccb6ce88a8bc15868640a1ac7ad6.mp4,61.0,76.36363636363636,15.36363636363636
1352-20220324193657669_tmp_677de75ed2ec6e7c2c3bf272218d930462fb2d17af9ea891.mp4,65.0,80.35714285714285,15.357142857142847
39-20221111153453806_tmp_9911e0e55e052546012e4005a613c9a0.mp4,72.0,87.27272727272728,15.27272727272728
